idx,system_no,T_K,n_points,png
1,1,298.15,8,png\system_1_T298p15K.png
2,2,313.15,8,png\system_2_T313p15K.png
3,3,298.15,10,png\system_3_T298p15K.png
4,4,298.15,10,png\system_4_T298p15K.png
5,5,313.2,12,png\system_5_T313p2K.png
6,6,298.15,12,png\system_6_T298p15K.png
7,7,298.15,10,png\system_7_T298p15K.png
8,8,298.15,11,png\system_8_T298p15K.png
9,9,298.15,13,png\system_9_T298p15K.png
10,10,298.15,10,png\system_10_T298p15K.png
11,11,298.15,12,png\system_11_T298p15K.png
12,12,298.15,10,png\system_12_T298p15K.png
13,13,298.15,11,png\system_13_T298p15K.png
14,14,313.2,11,png\system_14_T313p2K.png
15,15,298.15,11,png\system_15_T298p15K.png
16,16,298.15,11,png\system_16_T298p15K.png
17,17,298.15,10,png\system_17_T298p15K.png
18,18,313.2,11,png\system_18_T313p2K.png
19,19,298.15,8,png\system_19_T298p15K.png
20,20,313.2,12,png\system_20_T313p2K.png
21,21,298.15,10,png\system_21_T298p15K.png
22,22,298.15,9,png\system_22_T298p15K.png
23,23,298.15,9,png\system_23_T298p15K.png
24,24,298.15,12,png\system_24_T298p15K.png
25,25,313.2,12,png\system_25_T313p2K.png
26,26,298.15,10,png\system_26_T298p15K.png
27,27,313.2,10,png\system_27_T313p2K.png
28,28,313.2,9,png\system_28_T313p2K.png
29,29,313.2,9,png\system_29_T313p2K.png
30,30,313.2,12,png\system_30_T313p2K.png
31,31,313.2,12,png\system_31_T313p2K.png
32,32,298.15,8,png\system_32_T298p15K.png
33,33,298.15,10,png\system_33_T298p15K.png
34,34,298.2,9,png\system_34_T298p2K.png
35,35,298.2,9,png\system_35_T298p2K.png
36,36,313.2,10,png\system_36_T313p2K.png
37,37,313.2,11,png\system_37_T313p2K.png
38,38,313.15,9,png\system_38_T313p15K.png
39,39,313.2,10,png\system_39_T313p2K.png
40,40,313.2,12,png\system_40_T313p2K.png
41,41,298.15,7,png\system_41_T298p15K.png
42,44,298.15,10,png\system_44_T298p15K.png
43,45,298.15,10,png\system_45_T298p15K.png
44,46,313.2,11,png\system_46_T313p2K.png
45,47,298.15,11,png\system_47_T298p15K.png
46,48,298.15,12,png\system_48_T298p15K.png
47,49,298.15,10,png\system_49_T298p15K.png
48,50,313.2,11,png\system_50_T313p2K.png
49,51,313.2,11,png\system_51_T313p2K.png
50,52,298.2,10,png\system_52_T298p2K.png
51,53,298.2,10,png\system_53_T298p2K.png
52,54,298.2,10,png\system_54_T298p2K.png
53,55,298.2,11,png\system_55_T298p2K.png
54,56,313.15,8,png\system_56_T313p15K.png
55,57,298.15,9,png\system_57_T298p15K.png
56,58,298.15,9,png\system_58_T298p15K.png
57,59,298.15,11,png\system_59_T298p15K.png
58,60,298.15,8,png\system_60_T298p15K.png
59,61,298.15,14,png\system_61_T298p15K.png
60,62,298.15,10,png\system_62_T298p15K.png
61,63,298.15,10,png\system_63_T298p15K.png
62,64,298.15,7,png\system_64_T298p15K.png
63,65,298.15,6,png\system_65_T298p15K.png
64,66,308.15,8,png\system_66_T308p15K.png
65,67,318.15,9,png\system_67_T318p15K.png
66,68,298.15,7,png\system_68_T298p15K.png
67,69,298.15,8,png\system_69_T298p15K.png
68,70,313.2,10,png\system_70_T313p2K.png
69,72,313.2,10,png\system_72_T313p2K.png
70,77,298.2,12,png\system_77_T298p2K.png
71,78,298.2,7,png\system_78_T298p2K.png
72,79,298.2,9,png\system_79_T298p2K.png
73,80,313.2,8,png\system_80_T313p2K.png
74,81,313.2,7,png\system_81_T313p2K.png
75,82,313.2,8,png\system_82_T313p2K.png
76,83,333.2,7,png\system_83_T333p2K.png
77,84,313.2,8,png\system_84_T313p2K.png
78,85,313.2,13,png\system_85_T313p2K.png
79,86,348.2,13,png\system_86_T348p2K.png
80,87,313.2,8,png\system_87_T313p2K.png
81,88,348.2,8,png\system_88_T348p2K.png
82,89,313.2,10,png\system_89_T313p2K.png
83,90,348.2,10,png\system_90_T348p2K.png
84,91,313.0,10,png\system_91_T313K.png
85,92,323.0,10,png\system_92_T323K.png
86,93,333.0,9,png\system_93_T333K.png
87,94,313.0,10,png\system_94_T313K.png
88,95,323.0,10,png\system_95_T323K.png
89,96,333.0,10,png\system_96_T333K.png
90,97,313.0,10,png\system_97_T313K.png
91,98,323.0,10,png\system_98_T323K.png
92,99,333.0,10,png\system_99_T333K.png
93,100,313.0,10,png\system_100_T313K.png
94,101,323.0,10,png\system_101_T323K.png
95,102,333.0,9,png\system_102_T333K.png
96,103,313.0,14,png\system_103_T313K.png
97,104,323.0,14,png\system_104_T323K.png
98,105,333.0,14,png\system_105_T333K.png
99,106,313.2,8,png\system_106_T313p2K.png
100,107,313.2,8,png\system_107_T313p2K.png
101,108,298.15,9,png\system_108_T298p15K.png
102,109,298.15,6,png\system_109_T298p15K.png
103,110,298.15,7,png\system_110_T298p15K.png
104,112,298.15,11,png\system_112_T298p15K.png
105,113,313.2,13,png\system_113_T313p2K.png
106,118,303.15,7,png\system_118_T303p15K.png
107,119,313.2,12,png\system_119_T313p2K.png
108,120,328.15,7,png\system_120_T328p15K.png
109,121,303.15,11,png\system_121_T303p15K.png
110,122,328.15,10,png\system_122_T328p15K.png
111,123,303.15,7,png\system_123_T303p15K.png
112,124,328.15,6,png\system_124_T328p15K.png
113,125,303.15,11,png\system_125_T303p15K.png
114,126,328.15,11,png\system_126_T328p15K.png
115,127,303.15,11,png\system_127_T303p15K.png
116,128,328.15,10,png\system_128_T328p15K.png
117,129,298.15,10,png\system_129_T298p15K.png
118,130,298.15,10,png\system_130_T298p15K.png
119,131,298.15,9,png\system_131_T298p15K.png
120,132,313.2,12,png\system_132_T313p2K.png
121,133,313.2,12,png\system_133_T313p2K.png
122,134,313.2,12,png\system_134_T313p2K.png
123,135,303.15,7,png\system_135_T303p15K.png
124,136,313.2,12,png\system_136_T313p2K.png
125,137,328.15,7,png\system_137_T328p15K.png
126,138,298.15,10,png\system_138_T298p15K.png
127,139,298.15,9,png\system_139_T298p15K.png
128,140,298.15,10,png\system_140_T298p15K.png
129,141,298.15,9,png\system_141_T298p15K.png
130,142,298.15,8,png\system_142_T298p15K.png
131,143,298.15,10,png\system_143_T298p15K.png
132,144,298.15,11,png\system_144_T298p15K.png
133,149,313.2,11,png\system_149_T313p2K.png
134,150,298.15,10,png\system_150_T298p15K.png
135,151,298.15,10,png\system_151_T298p15K.png
136,152,298.15,9,png\system_152_T298p15K.png
137,153,298.15,9,png\system_153_T298p15K.png
138,154,298.15,9,png\system_154_T298p15K.png
139,155,298.15,10,png\system_155_T298p15K.png
140,156,303.2,14,png\system_156_T303p2K.png
141,157,328.2,15,png\system_157_T328p2K.png
142,158,303.2,14,png\system_158_T303p2K.png
143,159,328.2,13,png\system_159_T328p2K.png
144,160,303.2,14,png\system_160_T303p2K.png
145,161,328.2,15,png\system_161_T328p2K.png
146,163,313.2,12,png\system_163_T313p2K.png
147,164,313.2,11,png\system_164_T313p2K.png
148,165,298.15,12,png\system_165_T298p15K.png
149,166,298.15,12,png\system_166_T298p15K.png
150,167,303.2,10,png\system_167_T303p2K.png
151,168,328.2,10,png\system_168_T328p2K.png
152,169,303.2,10,png\system_169_T303p2K.png
153,170,328.2,11,png\system_170_T328p2K.png
154,171,303.2,9,png\system_171_T303p2K.png
155,172,328.2,9,png\system_172_T328p2K.png
156,173,313.2,11,png\system_173_T313p2K.png
157,174,298.15,12,png\system_174_T298p15K.png
158,175,298.15,11,png\system_175_T298p15K.png
159,176,298.15,11,png\system_176_T298p15K.png
160,177,298.2,4,png\system_177_T298p2K.png
161,178,298.2,4,png\system_178_T298p2K.png
162,179,298.15,9,png\system_179_T298p15K.png
163,180,298.15,9,png\system_180_T298p15K.png
164,181,298.15,10,png\system_181_T298p15K.png
165,182,298.15,10,png\system_182_T298p15K.png
166,183,298.15,9,png\system_183_T298p15K.png
167,184,298.15,9,png\system_184_T298p15K.png
168,185,298.15,9,png\system_185_T298p15K.png
169,186,298.15,8,png\system_186_T298p15K.png
170,187,298.15,8,png\system_187_T298p15K.png
171,188,298.15,9,png\system_188_T298p15K.png
172,189,298.15,8,png\system_189_T298p15K.png
173,190,298.15,9,png\system_190_T298p15K.png
174,191,298.15,10,png\system_191_T298p15K.png
175,192,298.15,10,png\system_192_T298p15K.png
176,193,298.15,10,png\system_193_T298p15K.png
177,194,298.15,10,png\system_194_T298p15K.png
178,195,298.15,10,png\system_195_T298p15K.png
179,196,298.15,10,png\system_196_T298p15K.png
180,197,298.15,9,png\system_197_T298p15K.png
181,198,298.15,10,png\system_198_T298p15K.png
182,199,298.15,10,png\system_199_T298p15K.png
183,200,298.15,10,png\system_200_T298p15K.png
184,201,298.15,9,png\system_201_T298p15K.png
185,202,298.15,10,png\system_202_T298p15K.png
186,203,298.15,9,png\system_203_T298p15K.png
187,204,308.15,9,png\system_204_T308p15K.png
188,205,318.15,9,png\system_205_T318p15K.png
189,206,298.15,10,png\system_206_T298p15K.png
190,207,298.15,10,png\system_207_T298p15K.png
191,208,298.15,10,png\system_208_T298p15K.png
192,209,298.15,10,png\system_209_T298p15K.png
193,210,298.15,10,png\system_210_T298p15K.png
194,211,298.15,10,png\system_211_T298p15K.png
195,212,298.15,9,png\system_212_T298p15K.png
196,213,308.15,9,png\system_213_T308p15K.png
197,214,318.15,7,png\system_214_T318p15K.png
198,215,298.15,9,png\system_215_T298p15K.png
199,216,298.15,5,png\system_216_T298p15K.png
200,217,298.15,9,png\system_217_T298p15K.png
201,218,298.15,3,png\system_218_T298p15K.png
202,219,298.15,4,png\system_219_T298p15K.png
203,220,298.15,9,png\system_220_T298p15K.png
204,221,298.15,5,png\system_221_T298p15K.png
205,223,313.0,9,png\system_223_T313K.png
206,224,333.0,10,png\system_224_T333K.png
207,225,313.0,9,png\system_225_T313K.png
208,226,333.0,9,png\system_226_T333K.png
209,227,313.0,12,png\system_227_T313K.png
210,228,333.0,12,png\system_228_T333K.png
211,229,298.2,12,png\system_229_T298p2K.png
212,230,298.2,7,png\system_230_T298p2K.png
213,231,298.2,5,png\system_231_T298p2K.png
214,232,313.0,13,png\system_232_T313K.png
215,233,333.0,12,png\system_233_T333K.png
216,234,298.15,4,png\system_234_T298p15K.png
217,235,298.15,4,png\system_235_T298p15K.png
218,236,298.15,5,png\system_236_T298p15K.png
219,237,298.15,4,png\system_237_T298p15K.png
220,238,298.15,5,png\system_238_T298p15K.png
221,239,313.0,11,png\system_239_T313K.png
222,240,333.0,11,png\system_240_T333K.png
223,241,298.15,9,png\system_241_T298p15K.png
224,242,313.2,12,png\system_242_T313p2K.png
225,243,313.0,10,png\system_243_T313K.png
226,244,333.0,10,png\system_244_T333K.png
227,245,313.0,10,png\system_245_T313K.png
228,246,333.0,10,png\system_246_T333K.png
229,247,298.2,8,png\system_247_T298p2K.png
230,248,313.2,8,png\system_248_T313p2K.png
231,249,328.2,8,png\system_249_T328p2K.png
232,250,298.15,10,png\system_250_T298p15K.png
233,251,298.15,10,png\system_251_T298p15K.png
234,252,298.15,11,png\system_252_T298p15K.png
235,253,313.2,14,png\system_253_T313p2K.png
236,254,348.2,11,png\system_254_T348p2K.png
237,255,298.15,9,png\system_255_T298p15K.png
238,256,298.15,11,png\system_256_T298p15K.png
239,257,313.2,12,png\system_257_T313p2K.png
240,258,313.2,21,png\system_258_T313p2K.png
241,259,348.2,21,png\system_259_T348p2K.png
242,260,313.0,11,png\system_260_T313K.png
243,261,333.0,11,png\system_261_T333K.png
244,262,313.0,10,png\system_262_T313K.png
245,263,333.0,10,png\system_263_T333K.png
246,264,313.2,11,png\system_264_T313p2K.png
247,265,303.15,12,png\system_265_T303p15K.png
248,266,303.15,12,png\system_266_T303p15K.png
249,267,313.2,11,png\system_267_T313p2K.png
250,268,298.2,8,png\system_268_T298p2K.png
251,269,298.15,8,png\system_269_T298p15K.png
252,270,298.2,8,png\system_270_T298p2K.png
253,271,328.2,8,png\system_271_T328p2K.png
254,272,298.15,8,png\system_272_T298p15K.png
255,273,298.15,9,png\system_273_T298p15K.png
256,274,298.15,9,png\system_274_T298p15K.png
257,275,298.15,8,png\system_275_T298p15K.png
258,276,298.15,9,png\system_276_T298p15K.png
259,277,313.2,12,png\system_277_T313p2K.png
260,278,313.2,21,png\system_278_T313p2K.png
261,279,348.2,21,png\system_279_T348p2K.png
262,280,298.15,7,png\system_280_T298p15K.png
263,281,298.15,7,png\system_281_T298p15K.png
264,282,298.15,10,png\system_282_T298p15K.png
265,283,298.15,10,png\system_283_T298p15K.png
266,284,298.15,8,png\system_284_T298p15K.png
267,285,283.15,10,png\system_285_T283p15K.png
268,286,293.15,13,png\system_286_T293p15K.png
269,287,298.15,10,png\system_287_T298p15K.png
270,288,303.15,10,png\system_288_T303p15K.png
271,289,283.15,9,png\system_289_T283p15K.png
272,290,298.15,11,png\system_290_T298p15K.png
273,291,298.15,8,png\system_291_T298p15K.png
274,292,283.15,9,png\system_292_T283p15K.png
275,293,298.15,8,png\system_293_T298p15K.png
276,294,283.15,9,png\system_294_T283p15K.png
277,295,298.15,9,png\system_295_T298p15K.png
278,296,298.15,8,png\system_296_T298p15K.png
279,297,298.15,8,png\system_297_T298p15K.png
280,298,298.15,7,png\system_298_T298p15K.png
281,299,298.15,8,png\system_299_T298p15K.png
282,300,298.15,8,png\system_300_T298p15K.png
283,301,298.15,7,png\system_301_T298p15K.png
284,302,298.15,8,png\system_302_T298p15K.png
285,303,298.15,8,png\system_303_T298p15K.png
286,304,298.15,7,png\system_304_T298p15K.png
287,305,313.15,9,png\system_305_T313p15K.png
288,306,313.15,9,png\system_306_T313p15K.png
289,307,283.15,9,png\system_307_T283p15K.png
290,308,298.15,9,png\system_308_T298p15K.png
291,309,283.15,9,png\system_309_T283p15K.png
292,310,298.15,9,png\system_310_T298p15K.png
293,311,283.15,10,png\system_311_T283p15K.png
294,312,298.15,8,png\system_312_T298p15K.png
295,313,283.15,9,png\system_313_T283p15K.png
296,314,298.15,8,png\system_314_T298p15K.png
297,315,298.2,9,png\system_315_T298p2K.png
298,316,298.2,9,png\system_316_T298p2K.png
299,317,298.2,4,png\system_317_T298p2K.png
300,318,298.2,4,png\system_318_T298p2K.png
301,319,298.2,9,png\system_319_T298p2K.png
302,320,298.2,4,png\system_320_T298p2K.png
303,321,298.2,5,png\system_321_T298p2K.png
304,322,298.15,9,png\system_322_T298p15K.png
305,323,298.15,11,png\system_323_T298p15K.png
306,324,298.15,9,png\system_324_T298p15K.png
307,325,298.15,10,png\system_325_T298p15K.png
308,326,298.15,12,png\system_326_T298p15K.png
309,327,298.15,10,png\system_327_T298p15K.png
310,328,298.15,12,png\system_328_T298p15K.png
311,329,298.15,11,png\system_329_T298p15K.png
312,330,298.15,9,png\system_330_T298p15K.png
313,331,298.15,11,png\system_331_T298p15K.png
314,332,298.15,10,png\system_332_T298p15K.png
315,333,298.2,9,png\system_333_T298p2K.png
316,335,298.15,11,png\system_335_T298p15K.png
317,336,298.15,12,png\system_336_T298p15K.png
318,337,298.15,12,png\system_337_T298p15K.png
319,338,298.15,11,png\system_338_T298p15K.png
320,339,298.2,11,png\system_339_T298p2K.png
321,340,298.2,10,png\system_340_T298p2K.png
322,341,303.15,10,png\system_341_T303p15K.png
323,342,303.15,14,png\system_342_T303p15K.png
324,343,303.15,14,png\system_343_T303p15K.png
325,344,303.15,17,png\system_344_T303p15K.png
326,345,298.2,5,png\system_345_T298p2K.png
327,346,298.15,11,png\system_346_T298p15K.png
328,347,298.15,10,png\system_347_T298p15K.png
329,348,298.15,10,png\system_348_T298p15K.png
330,349,298.15,8,png\system_349_T298p15K.png
331,350,293.15,9,png\system_350_T293p15K.png
332,351,313.15,9,png\system_351_T313p15K.png
333,352,333.15,9,png\system_352_T333p15K.png
334,353,293.15,8,png\system_353_T293p15K.png
335,354,313.15,8,png\system_354_T313p15K.png
336,355,333.15,8,png\system_355_T333p15K.png
337,356,298.15,11,png\system_356_T298p15K.png
338,357,339.15,10,png\system_357_T339p15K.png
339,358,298.15,5,png\system_358_T298p15K.png
340,359,298.15,8,png\system_359_T298p15K.png
341,360,308.15,5,png\system_360_T308p15K.png
342,361,318.15,5,png\system_361_T318p15K.png
343,362,298.15,8,png\system_362_T298p15K.png
344,363,298.15,8,png\system_363_T298p15K.png
345,364,298.15,8,png\system_364_T298p15K.png
346,365,298.2,10,png\system_365_T298p2K.png
347,366,298.2,9,png\system_366_T298p2K.png
348,367,298.15,9,png\system_367_T298p15K.png
349,368,298.15,9,png\system_368_T298p15K.png
350,369,298.15,10,png\system_369_T298p15K.png
351,370,298.15,10,png\system_370_T298p15K.png
352,371,298.2,9,png\system_371_T298p2K.png
353,372,298.2,9,png\system_372_T298p2K.png
354,373,298.2,8,png\system_373_T298p2K.png
355,373,298.15,9,png\system_373_T298p15K.png
356,374,298.15,10,png\system_374_T298p15K.png
357,375,298.15,9,png\system_375_T298p15K.png
358,376,298.15,10,png\system_376_T298p15K.png
359,377,298.15,10,png\system_377_T298p15K.png
360,378,298.15,9,png\system_378_T298p15K.png
361,379,298.15,10,png\system_379_T298p15K.png
362,380,298.15,9,png\system_380_T298p15K.png
363,381,298.15,8,png\system_381_T298p15K.png
364,382,298.15,9,png\system_382_T298p15K.png
365,383,298.15,9,png\system_383_T298p15K.png
366,384,298.15,10,png\system_384_T298p15K.png
367,385,298.15,7,png\system_385_T298p15K.png
368,386,298.15,10,png\system_386_T298p15K.png
369,387,298.15,10,png\system_387_T298p15K.png
370,388,298.15,8,png\system_388_T298p15K.png
371,389,298.15,9,png\system_389_T298p15K.png
372,390,298.15,7,png\system_390_T298p15K.png
373,391,298.15,9,png\system_391_T298p15K.png
374,392,298.15,9,png\system_392_T298p15K.png
375,393,298.15,9,png\system_393_T298p15K.png
376,394,298.2,8,png\system_394_T298p2K.png
377,395,313.2,6,png\system_395_T313p2K.png
378,396,298.2,8,png\system_396_T298p2K.png
379,397,298.2,15,png\system_397_T298p2K.png
380,398,298.2,6,png\system_398_T298p2K.png
381,399,313.2,8,png\system_399_T313p2K.png
382,400,298.2,6,png\system_400_T298p2K.png
383,401,298.2,6,png\system_401_T298p2K.png
384,402,298.2,6,png\system_402_T298p2K.png
385,403,298.2,6,png\system_403_T298p2K.png
386,404,298.15,13,png\system_404_T298p15K.png
387,405,298.15,18,png\system_405_T298p15K.png
388,406,298.15,19,png\system_406_T298p15K.png
389,407,298.15,13,png\system_407_T298p15K.png
390,408,313.2,9,png\system_408_T313p2K.png
391,409,333.2,10,png\system_409_T333p2K.png
392,410,353.2,11,png\system_410_T353p2K.png
393,411,298.15,11,png\system_411_T298p15K.png
394,412,298.15,21,png\system_412_T298p15K.png
395,413,298.15,13,png\system_413_T298p15K.png
396,414,298.15,13,png\system_414_T298p15K.png
397,415,298.15,14,png\system_415_T298p15K.png
398,416,298.15,14,png\system_416_T298p15K.png
399,417,298.15,12,png\system_417_T298p15K.png
400,418,298.15,9,png\system_418_T298p15K.png
401,419,298.15,11,png\system_419_T298p15K.png
402,420,298.15,9,png\system_420_T298p15K.png
403,421,298.15,8,png\system_421_T298p15K.png
404,422,298.15,9,png\system_422_T298p15K.png
405,423,298.15,13,png\system_423_T298p15K.png
406,424,298.15,6,png\system_424_T298p15K.png
407,425,303.15,6,png\system_425_T303p15K.png
408,426,298.15,9,png\system_426_T298p15K.png
409,427,298.15,8,png\system_427_T298p15K.png
410,428,298.15,7,png\system_428_T298p15K.png
411,429,298.15,9,png\system_429_T298p15K.png
412,430,298.15,7,png\system_430_T298p15K.png
413,431,298.15,6,png\system_431_T298p15K.png
414,432,298.15,11,png\system_432_T298p15K.png
415,433,298.15,12,png\system_433_T298p15K.png
416,434,298.15,12,png\system_434_T298p15K.png
417,435,298.15,12,png\system_435_T298p15K.png
418,436,298.15,18,png\system_436_T298p15K.png
419,437,298.15,13,png\system_437_T298p15K.png
420,438,308.15,10,png\system_438_T308p15K.png
421,439,308.15,12,png\system_439_T308p15K.png
422,440,298.15,11,png\system_440_T298p15K.png
423,441,298.15,11,png\system_441_T298p15K.png
424,442,298.15,11,png\system_442_T298p15K.png
425,443,298.15,10,png\system_443_T298p15K.png
426,444,298.15,8,png\system_444_T298p15K.png
427,445,303.15,7,png\system_445_T303p15K.png
428,446,298.15,12,png\system_446_T298p15K.png
429,447,298.15,8,png\system_447_T298p15K.png
430,448,303.15,9,png\system_448_T303p15K.png
431,449,298.15,9,png\system_449_T298p15K.png
432,450,298.15,10,png\system_450_T298p15K.png
433,451,298.15,13,png\system_451_T298p15K.png
434,452,298.15,14,png\system_452_T298p15K.png
435,453,298.15,12,png\system_453_T298p15K.png
436,454,298.15,10,png\system_454_T298p15K.png
437,455,298.15,10,png\system_455_T298p15K.png
438,456,298.15,13,png\system_456_T298p15K.png
439,457,298.15,11,png\system_457_T298p15K.png
440,458,308.15,14,png\system_458_T308p15K.png
441,459,308.15,11,png\system_459_T308p15K.png
442,460,308.15,12,png\system_460_T308p15K.png
443,461,308.15,13,png\system_461_T308p15K.png
444,472,298.15,12,png\system_472_T298p15K.png
445,473,308.15,11,png\system_473_T308p15K.png
446,474,308.15,11,png\system_474_T308p15K.png
447,475,308.15,10,png\system_475_T308p15K.png
448,476,298.15,12,png\system_476_T298p15K.png
449,477,298.15,11,png\system_477_T298p15K.png
450,478,308.15,13,png\system_478_T308p15K.png
451,479,308.15,6,png\system_479_T308p15K.png
452,480,298.15,11,png\system_480_T298p15K.png
453,481,308.15,9,png\system_481_T308p15K.png
454,482,298.15,5,png\system_482_T298p15K.png
455,483,298.15,7,png\system_483_T298p15K.png
456,484,308.15,8,png\system_484_T308p15K.png
457,485,298.15,7,png\system_485_T298p15K.png
458,486,298.15,7,png\system_486_T298p15K.png
459,487,298.15,7,png\system_487_T298p15K.png
460,488,298.15,10,png\system_488_T298p15K.png
461,489,298.15,10,png\system_489_T298p15K.png
462,490,298.15,10,png\system_490_T298p15K.png
463,491,288.15,10,png\system_491_T288p15K.png
464,492,298.15,11,png\system_492_T298p15K.png
465,493,313.15,10,png\system_493_T313p15K.png
466,494,298.15,10,png\system_494_T298p15K.png
467,495,298.15,10,png\system_495_T298p15K.png
468,496,298.15,10,png\system_496_T298p15K.png
469,497,288.15,9,png\system_497_T288p15K.png
470,498,298.15,9,png\system_498_T298p15K.png
471,499,313.15,10,png\system_499_T313p15K.png
472,500,298.15,10,png\system_500_T298p15K.png
473,501,298.15,10,png\system_501_T298p15K.png
474,502,333.15,6,png\system_502_T333p15K.png
475,503,298.15,8,png\system_503_T298p15K.png
476,504,298.15,6,png\system_504_T298p15K.png
477,505,298.15,8,png\system_505_T298p15K.png
478,506,298.15,8,png\system_506_T298p15K.png
479,507,298.15,10,png\system_507_T298p15K.png
480,508,308.15,8,png\system_508_T308p15K.png
481,509,298.15,10,png\system_509_T298p15K.png
482,510,298.15,9,png\system_510_T298p15K.png
483,511,308.15,9,png\system_511_T308p15K.png
484,512,308.15,10,png\system_512_T308p15K.png
485,513,333.15,7,png\system_513_T333p15K.png
486,518,298.15,9,png\system_518_T298p15K.png
487,519,298.15,10,png\system_519_T298p15K.png
488,520,298.15,13,png\system_520_T298p15K.png
489,521,298.15,6,png\system_521_T298p15K.png
490,522,298.15,4,png\system_522_T298p15K.png
491,523,298.15,7,png\system_523_T298p15K.png
492,524,298.15,10,png\system_524_T298p15K.png
493,525,298.15,8,png\system_525_T298p15K.png
494,526,298.15,9,png\system_526_T298p15K.png
495,527,298.15,10,png\system_527_T298p15K.png
496,528,298.15,9,png\system_528_T298p15K.png
497,529,298.15,10,png\system_529_T298p15K.png
498,530,298.15,9,png\system_530_T298p15K.png
499,531,298.15,6,png\system_531_T298p15K.png
500,532,298.15,6,png\system_532_T298p15K.png
501,533,298.15,6,png\system_533_T298p15K.png
502,534,298.15,8,png\system_534_T298p15K.png
503,535,298.15,5,png\system_535_T298p15K.png
504,536,298.15,6,png\system_536_T298p15K.png
505,537,298.15,10,png\system_537_T298p15K.png
506,538,298.15,10,png\system_538_T298p15K.png
507,539,298.15,7,png\system_539_T298p15K.png
508,540,298.15,9,png\system_540_T298p15K.png
509,541,298.15,8,png\system_541_T298p15K.png
510,542,298.15,7,png\system_542_T298p15K.png
511,543,298.15,11,png\system_543_T298p15K.png
512,544,298.15,11,png\system_544_T298p15K.png
513,545,298.15,10,png\system_545_T298p15K.png
514,546,298.15,5,png\system_546_T298p15K.png
515,547,298.15,7,png\system_547_T298p15K.png
516,548,298.15,7,png\system_548_T298p15K.png
517,549,298.15,13,png\system_549_T298p15K.png
518,550,298.15,8,png\system_550_T298p15K.png
519,551,298.15,9,png\system_551_T298p15K.png
520,552,298.15,8,png\system_552_T298p15K.png
521,553,298.15,8,png\system_553_T298p15K.png
522,554,298.15,8,png\system_554_T298p15K.png
523,555,298.15,10,png\system_555_T298p15K.png
524,556,298.15,8,png\system_556_T298p15K.png
525,557,298.15,8,png\system_557_T298p15K.png
526,558,298.15,8,png\system_558_T298p15K.png
527,559,298.15,10,png\system_559_T298p15K.png
528,560,298.15,10,png\system_560_T298p15K.png
529,561,298.15,9,png\system_561_T298p15K.png
530,562,298.15,5,png\system_562_T298p15K.png
531,563,298.15,5,png\system_563_T298p15K.png
532,564,298.15,9,png\system_564_T298p15K.png
533,565,298.15,5,png\system_565_T298p15K.png
534,566,298.15,10,png\system_566_T298p15K.png
535,567,298.15,10,png\system_567_T298p15K.png
536,568,298.15,12,png\system_568_T298p15K.png
537,569,298.15,12,png\system_569_T298p15K.png
538,570,298.15,13,png\system_570_T298p15K.png
539,571,298.15,14,png\system_571_T298p15K.png
540,572,298.15,10,png\system_572_T298p15K.png
541,573,298.15,12,png\system_573_T298p15K.png
542,574,298.15,17,png\system_574_T298p15K.png
543,575,298.15,19,png\system_575_T298p15K.png
544,576,298.15,17,png\system_576_T298p15K.png
545,577,298.15,12,png\system_577_T298p15K.png
546,578,298.15,15,png\system_578_T298p15K.png
547,579,298.15,18,png\system_579_T298p15K.png
548,580,298.15,21,png\system_580_T298p15K.png
549,581,298.15,12,png\system_581_T298p15K.png
550,582,298.15,13,png\system_582_T298p15K.png
551,583,298.15,12,png\system_583_T298p15K.png
552,584,298.15,12,png\system_584_T298p15K.png
553,585,298.15,10,png\system_585_T298p15K.png
554,586,298.15,14,png\system_586_T298p15K.png
555,587,298.15,16,png\system_587_T298p15K.png
556,588,298.15,20,png\system_588_T298p15K.png
557,589,298.15,17,png\system_589_T298p15K.png
558,590,298.15,15,png\system_590_T298p15K.png
559,591,298.15,17,png\system_591_T298p15K.png
560,592,298.15,16,png\system_592_T298p15K.png
561,593,298.15,15,png\system_593_T298p15K.png
562,594,298.15,23,png\system_594_T298p15K.png
563,595,298.15,10,png\system_595_T298p15K.png
564,596,298.15,14,png\system_596_T298p15K.png
565,597,298.15,12,png\system_597_T298p15K.png
566,598,298.15,12,png\system_598_T298p15K.png
567,599,298.15,10,png\system_599_T298p15K.png
568,600,298.15,12,png\system_600_T298p15K.png
569,601,298.15,14,png\system_601_T298p15K.png
570,602,298.15,13,png\system_602_T298p15K.png
571,603,298.15,15,png\system_603_T298p15K.png
572,604,298.15,12,png\system_604_T298p15K.png
573,605,298.15,12,png\system_605_T298p15K.png
574,606,298.15,12,png\system_606_T298p15K.png
575,607,298.15,10,png\system_607_T298p15K.png
576,608,298.15,10,png\system_608_T298p15K.png
577,609,298.15,10,png\system_609_T298p15K.png
578,610,298.15,9,png\system_610_T298p15K.png
579,611,298.15,10,png\system_611_T298p15K.png
580,612,298.15,10,png\system_612_T298p15K.png
581,613,298.15,10,png\system_613_T298p15K.png
582,614,298.15,10,png\system_614_T298p15K.png
583,615,298.15,10,png\system_615_T298p15K.png
584,616,298.15,9,png\system_616_T298p15K.png
585,617,298.15,7,png\system_617_T298p15K.png
586,618,298.15,9,png\system_618_T298p15K.png
587,619,303.15,6,png\system_619_T303p15K.png
588,620,303.15,6,png\system_620_T303p15K.png
589,621,303.15,5,png\system_621_T303p15K.png
590,622,298.2,5,png\system_622_T298p2K.png
591,623,298.15,9,png\system_623_T298p15K.png
592,624,298.15,7,png\system_624_T298p15K.png
593,625,298.15,7,png\system_625_T298p15K.png
594,626,298.15,7,png\system_626_T298p15K.png
595,627,298.15,13,png\system_627_T298p15K.png
596,628,298.15,13,png\system_628_T298p15K.png
597,629,298.2,5,png\system_629_T298p2K.png
598,630,298.2,5,png\system_630_T298p2K.png
599,631,303.15,12,png\system_631_T303p15K.png
600,632,298.2,9,png\system_632_T298p2K.png
601,633,298.2,7,png\system_633_T298p2K.png
602,634,298.2,8,png\system_634_T298p2K.png
603,635,298.2,9,png\system_635_T298p2K.png
604,636,288.2,5,png\system_636_T288p2K.png
605,636,308.2,5,png\system_636_T308p2K.png
606,637,298.15,6,png\system_637_T298p15K.png
607,638,298.15,8,png\system_638_T298p15K.png
608,639,303.15,5,png\system_639_T303p15K.png
609,640,298.15,7,png\system_640_T298p15K.png
610,641,298.15,9,png\system_641_T298p15K.png
611,642,298.15,9,png\system_642_T298p15K.png
612,643,298.15,8,png\system_643_T298p15K.png
613,644,298.15,5,png\system_644_T298p15K.png
614,645,303.15,6,png\system_645_T303p15K.png
615,646,298.15,6,png\system_646_T298p15K.png
616,647,298.15,5,png\system_647_T298p15K.png
617,648,298.15,6,png\system_648_T298p15K.png
618,649,298.15,14,png\system_649_T298p15K.png
619,650,298.15,14,png\system_650_T298p15K.png
620,651,298.15,14,png\system_651_T298p15K.png
621,652,298.15,8,png\system_652_T298p15K.png
622,653,298.15,8,png\system_653_T298p15K.png
623,654,298.15,6,png\system_654_T298p15K.png
624,655,298.15,6,png\system_655_T298p15K.png
625,656,298.15,6,png\system_656_T298p15K.png
626,657,298.15,7,png\system_657_T298p15K.png
627,658,298.15,8,png\system_658_T298p15K.png
628,659,298.15,7,png\system_659_T298p15K.png
629,660,298.15,6,png\system_660_T298p15K.png
630,661,298.15,7,png\system_661_T298p15K.png
631,662,298.15,8,png\system_662_T298p15K.png
632,663,298.15,7,png\system_663_T298p15K.png
633,664,298.2,4,png\system_664_T298p2K.png
634,665,298.15,5,png\system_665_T298p15K.png
635,666,298.15,4,png\system_666_T298p15K.png
636,667,298.15,5,png\system_667_T298p15K.png
637,668,298.15,6,png\system_668_T298p15K.png
638,669,298.15,10,png\system_669_T298p15K.png
639,670,298.15,9,png\system_670_T298p15K.png
640,671,298.15,9,png\system_671_T298p15K.png
641,672,298.15,6,png\system_672_T298p15K.png
642,673,298.15,9,png\system_673_T298p15K.png
643,674,298.15,6,png\system_674_T298p15K.png
644,675,298.15,5,png\system_675_T298p15K.png
645,679,298.15,9,png\system_679_T298p15K.png
646,680,298.15,7,png\system_680_T298p15K.png
647,681,298.15,8,png\system_681_T298p15K.png
648,682,298.15,7,png\system_682_T298p15K.png
649,683,298.15,8,png\system_683_T298p15K.png
650,684,298.15,9,png\system_684_T298p15K.png
651,685,298.15,9,png\system_685_T298p15K.png
652,686,298.2,3,png\system_686_T298p2K.png
653,687,298.2,5,png\system_687_T298p2K.png
654,688,298.2,3,png\system_688_T298p2K.png
655,689,298.2,4,png\system_689_T298p2K.png
656,690,298.2,5,png\system_690_T298p2K.png
657,691,298.15,4,png\system_691_T298p15K.png
658,692,298.2,5,png\system_692_T298p2K.png
659,693,298.15,8,png\system_693_T298p15K.png
660,694,298.15,7,png\system_694_T298p15K.png
661,695,298.15,13,png\system_695_T298p15K.png
662,696,298.15,12,png\system_696_T298p15K.png
663,697,298.15,11,png\system_697_T298p15K.png
664,698,298.15,13,png\system_698_T298p15K.png
665,699,298.15,13,png\system_699_T298p15K.png
666,700,313.15,11,png\system_700_T313p15K.png
667,701,298.15,12,png\system_701_T298p15K.png
668,702,313.15,12,png\system_702_T313p15K.png
669,703,298.15,10,png\system_703_T298p15K.png
670,704,298.15,9,png\system_704_T298p15K.png
671,705,298.15,9,png\system_705_T298p15K.png
672,706,298.2,9,png\system_706_T298p2K.png
673,707,298.15,9,png\system_707_T298p15K.png
674,708,298.2,9,png\system_708_T298p2K.png
675,709,298.2,4,png\system_709_T298p2K.png
676,710,298.2,4,png\system_710_T298p2K.png
677,711,298.2,9,png\system_711_T298p2K.png
678,712,298.2,9,png\system_712_T298p2K.png
679,713,303.15,5,png\system_713_T303p15K.png
680,715,298.15,6,png\system_715_T298p15K.png
681,716,298.15,7,png\system_716_T298p15K.png
682,721,298.2,10,png\system_721_T298p2K.png
683,722,298.2,6,png\system_722_T298p2K.png
684,724,283.2,8,png\system_724_T283p2K.png
685,725,303.2,7,png\system_725_T303p2K.png
686,726,323.2,6,png\system_726_T323p2K.png
687,727,283.2,13,png\system_727_T283p2K.png
688,728,303.2,10,png\system_728_T303p2K.png
689,729,283.2,8,png\system_729_T283p2K.png
690,730,283.2,9,png\system_730_T283p2K.png
691,731,303.2,7,png\system_731_T303p2K.png
692,732,323.2,7,png\system_732_T323p2K.png
693,733,323.2,9,png\system_733_T323p2K.png
694,734,303.2,9,png\system_734_T303p2K.png
695,735,323.2,9,png\system_735_T323p2K.png
696,736,298.15,9,png\system_736_T298p15K.png
697,737,298.15,9,png\system_737_T298p15K.png
698,738,298.15,8,png\system_738_T298p15K.png
699,739,283.0,11,png\system_739_T283K.png
700,740,303.0,8,png\system_740_T303K.png
701,741,323.15,7,png\system_741_T323p15K.png
702,742,333.0,7,png\system_742_T333K.png
703,743,323.2,8,png\system_743_T323p2K.png
704,744,303.2,7,png\system_744_T303p2K.png
705,745,323.2,7,png\system_745_T323p2K.png
706,746,298.15,8,png\system_746_T298p15K.png
707,747,298.15,9,png\system_747_T298p15K.png
708,748,278.15,8,png\system_748_T278p15K.png
709,749,288.15,8,png\system_749_T288p15K.png
710,750,298.15,9,png\system_750_T298p15K.png
711,751,308.15,6,png\system_751_T308p15K.png
712,752,323.15,6,png\system_752_T323p15K.png
713,753,308.15,12,png\system_753_T308p15K.png
714,754,308.15,6,png\system_754_T308p15K.png
715,755,323.15,6,png\system_755_T323p15K.png
716,756,308.15,12,png\system_756_T308p15K.png
717,757,298.15,26,png\system_757_T298p15K.png
718,758,298.15,13,png\system_758_T298p15K.png
719,759,298.15,14,png\system_759_T298p15K.png
720,760,298.15,24,png\system_760_T298p15K.png
721,761,298.15,25,png\system_761_T298p15K.png
722,763,308.15,16,png\system_763_T308p15K.png
723,764,298.15,24,png\system_764_T298p15K.png
724,765,308.15,13,png\system_765_T308p15K.png
725,766,298.15,30,png\system_766_T298p15K.png
726,767,308.15,11,png\system_767_T308p15K.png
727,768,298.15,19,png\system_768_T298p15K.png
728,769,308.15,17,png\system_769_T308p15K.png
729,770,308.15,13,png\system_770_T308p15K.png
730,771,308.15,19,png\system_771_T308p15K.png
731,772,308.15,13,png\system_772_T308p15K.png
732,773,308.15,15,png\system_773_T308p15K.png
733,774,308.15,13,png\system_774_T308p15K.png
734,775,308.15,14,png\system_775_T308p15K.png
735,776,308.15,6,png\system_776_T308p15K.png
736,777,323.15,6,png\system_777_T323p15K.png
737,778,308.15,12,png\system_778_T308p15K.png
738,779,308.15,6,png\system_779_T308p15K.png
739,780,323.15,6,png\system_780_T323p15K.png
740,781,283.2,20,png\system_781_T283p2K.png
741,782,303.2,10,png\system_782_T303p2K.png
742,783,323.2,7,png\system_783_T323p2K.png
743,784,298.15,24,png\system_784_T298p15K.png
744,785,298.15,30,png\system_785_T298p15K.png
745,786,298.15,26,png\system_786_T298p15K.png
746,787,298.15,25,png\system_787_T298p15K.png
747,788,283.2,7,png\system_788_T283p2K.png
748,789,303.2,7,png\system_789_T303p2K.png
749,790,323.2,6,png\system_790_T323p2K.png
750,791,283.2,8,png\system_791_T283p2K.png
751,792,303.2,8,png\system_792_T303p2K.png
752,793,323.2,7,png\system_793_T323p2K.png
753,794,283.2,8,png\system_794_T283p2K.png
754,795,303.2,7,png\system_795_T303p2K.png
755,796,323.2,7,png\system_796_T323p2K.png
756,797,282.2,7,png\system_797_T282p2K.png
757,798,303.2,7,png\system_798_T303p2K.png
758,799,323.2,7,png\system_799_T323p2K.png
759,800,283.15,8,png\system_800_T283p15K.png
760,801,303.15,7,png\system_801_T303p15K.png
761,802,323.15,7,png\system_802_T323p15K.png
762,803,298.15,6,png\system_803_T298p15K.png
763,804,298.15,6,png\system_804_T298p15K.png
764,805,298.15,4,png\system_805_T298p15K.png
765,806,298.15,8,png\system_806_T298p15K.png
766,807,288.15,6,png\system_807_T288p15K.png
767,808,299.15,7,png\system_808_T299p15K.png
768,809,308.15,6,png\system_809_T308p15K.png
769,810,298.15,9,png\system_810_T298p15K.png
770,811,298.15,8,png\system_811_T298p15K.png
771,812,298.2,12,png\system_812_T298p2K.png
772,813,313.2,11,png\system_813_T313p2K.png
773,814,328.2,11,png\system_814_T328p2K.png
774,815,298.15,17,png\system_815_T298p15K.png
775,816,298.15,12,png\system_816_T298p15K.png
776,817,298.15,11,png\system_817_T298p15K.png
777,818,298.15,7,png\system_818_T298p15K.png
778,819,298.15,8,png\system_819_T298p15K.png
779,820,298.15,5,png\system_820_T298p15K.png
780,821,298.15,7,png\system_821_T298p15K.png
781,822,298.15,12,png\system_822_T298p15K.png
782,823,298.15,8,png\system_823_T298p15K.png
783,824,298.15,11,png\system_824_T298p15K.png
784,825,298.15,9,png\system_825_T298p15K.png
785,826,298.15,11,png\system_826_T298p15K.png
786,827,298.15,6,png\system_827_T298p15K.png
787,828,298.15,12,png\system_828_T298p15K.png
788,829,298.15,6,png\system_829_T298p15K.png
789,830,298.15,11,png\system_830_T298p15K.png
790,831,298.15,6,png\system_831_T298p15K.png
791,832,298.15,6,png\system_832_T298p15K.png
792,833,293.2,8,png\system_833_T293p2K.png
793,834,298.15,8,png\system_834_T298p15K.png
794,835,303.2,6,png\system_835_T303p2K.png
795,836,298.15,11,png\system_836_T298p15K.png
796,837,298.15,10,png\system_837_T298p15K.png
797,838,318.15,7,png\system_838_T318p15K.png
798,839,328.15,7,png\system_839_T328p15K.png
799,840,338.0,8,png\system_840_T338K.png
800,841,337.15,8,png\system_841_T337p15K.png
801,842,298.15,10,png\system_842_T298p15K.png
802,843,293.15,6,png\system_843_T293p15K.png
803,844,303.15,10,png\system_844_T303p15K.png
804,845,313.15,8,png\system_845_T313p15K.png
805,846,298.15,9,png\system_846_T298p15K.png
806,847,298.15,11,png\system_847_T298p15K.png
807,848,293.15,9,png\system_848_T293p15K.png
808,849,303.15,10,png\system_849_T303p15K.png
809,850,313.15,9,png\system_850_T313p15K.png
810,851,298.15,7,png\system_851_T298p15K.png
811,852,348.15,10,png\system_852_T348p15K.png
812,853,293.15,10,png\system_853_T293p15K.png
813,854,293.15,11,png\system_854_T293p15K.png
814,855,293.15,14,png\system_855_T293p15K.png
815,856,293.15,8,png\system_856_T293p15K.png
816,857,293.15,5,png\system_857_T293p15K.png
817,858,293.15,9,png\system_858_T293p15K.png
818,859,293.15,7,png\system_859_T293p15K.png
819,860,293.15,9,png\system_860_T293p15K.png
820,861,293.15,9,png\system_861_T293p15K.png
